date,country,total_okun,lower,upper
1948-04-01,US,-0.07226384455367832,-0.1254190010227993,-0.019108688084557332
1948-07-01,US,-0.07036498256621157,-0.15195110698930214,0.011221141856879016
1948-10-01,US,-0.14610453238950305,-0.26627401601844847,-0.025935048760557605
1949-01-01,US,-0.18834040606889615,-0.3033304773922801,-0.07335033474551221
1949-04-01,US,-0.17291770121065098,-0.2617004232739795,-0.08413497914732242
1949-07-01,US,-0.08993857211706191,-0.22625188157650758,0.04637473734238376
1949-10-01,US,-0.10544168658916615,-0.24894258667998337,0.038059213501651076
1950-01-01,US,-0.12833088454682762,-0.236422267011637,-0.020239502082018246
1950-04-01,US,-0.08667534480645225,-0.11257832009828109,-0.06077236951462343
1950-07-01,US,-0.08761984855014035,-0.1150547169007395,-0.0601849801995412
1950-10-01,US,-0.07914491395205203,-0.1260174191884657,-0.03227240871563836
1951-01-01,US,-0.16028839510097742,-0.21224943912784672,-0.10832735107410811
1951-04-01,US,-0.11746639020135038,-0.17081610580760218,-0.0641166745950986
1951-07-01,US,-0.045018957397486674,-0.08902877202117208,-0.0010091427738012637
1951-10-01,US,-0.08577878428568259,-0.17069620308050265,-0.0008613654908625062
1952-01-01,US,-0.17595553575514739,-0.2784292138048212,-0.07348185770547354
1952-04-01,US,-0.16806540923389668,-0.2714647563201398,-0.06466606214765357
1952-07-01,US,-0.10904100498913616,-0.2263651056416044,0.008283095663332088
1952-10-01,US,-0.09062052866339246,-0.16736781993526115,-0.013873237391523768
1953-01-01,US,-0.04958603257819525,-0.09005031809757538,-0.009121747058815112
1953-04-01,US,-0.0866405870378554,-0.15434120972006743,-0.018939964355643393
1953-07-01,US,-0.1353614763325202,-0.26227244341103106,-0.008450509254009309
1953-10-01,US,-0.17892534909241348,-0.2605102111023612,-0.09734048708246572
1954-01-01,US,-0.23874041272636526,-0.32204928529290655,-0.15543154015982394
1954-04-01,US,-0.19551040917433513,-0.3271699742482341,-0.06385084410043618
1954-07-01,US,-0.16583919743424358,-0.2800783385447121,-0.051600056323775054
1954-10-01,US,-0.1695873252367715,-0.2317389570206333,-0.10743569345290971
1955-01-01,US,-0.10913731288825074,-0.1502474212285404,-0.06802720454796107
1955-04-01,US,-0.06507940517865383,-0.11258475952620259,-0.017574050831105074
1955-07-01,US,-0.09752112602624653,-0.1519674824176273,-0.04307476963486575
1955-10-01,US,-0.06703819497259231,-0.15085718650054364,0.01678079655535901
1956-01-01,US,-0.15175656520013703,-0.3042932296540485,0.0007800992537744522
1956-04-01,US,-0.17994721618628795,-0.34046336683840467,-0.019431065534171232
1956-07-01,US,-0.18017700811043807,-0.3129090327082434,-0.047444983512632766
1956-10-01,US,-0.14861009406297626,-0.25536065214464776,-0.04185953598130479
1957-01-01,US,-0.12204828681116985,-0.19421304522292693,-0.04988352839941276
1957-04-01,US,-0.1357759420244637,-0.2737557740339337,0.002203889985006341
1957-07-01,US,-0.1295905066392261,-0.27493953347204647,0.015758520193594278
1957-10-01,US,-0.12542036765145065,-0.26631885070681455,0.01547811540391325
1958-01-01,US,-0.13747463739690088,-0.19348685450839342,-0.08146242028540834
1958-04-01,US,-0.14276287995472425,-0.23640666510718342,-0.04911909480226509
1958-07-01,US,-0.08602384977251754,-0.15202642075400247,-0.02002127879103259
1958-10-01,US,-0.13467673401952085,-0.1695518628516563,-0.0998016051873854
1959-01-01,US,-0.10585031138566764,-0.14471244128118702,-0.06698818149014826
1959-04-01,US,-0.12278935215276182,-0.1622562388968987,-0.08332246540862495
1959-07-01,US,-0.08637057463042178,-0.17556025169437456,0.0028191024335310066
1959-10-01,US,-0.10151624501550774,-0.2299250281438265,0.026892538112811032
1960-01-01,US,-0.1260462879730131,-0.20819295375519936,-0.043899622190826826
1960-04-01,US,-0.1257395980402548,-0.22797806649280622,-0.02350112958770341
1960-07-01,US,-0.125343628410586,-0.2795739290934267,0.02888667227225472
1960-10-01,US,-0.12528323961750937,-0.27673672556083195,0.02617024632581319
1961-01-01,US,-0.09879074865386489,-0.2296716374790137,0.03209014017128392
1961-04-01,US,-0.05039053077836964,-0.1232324587998053,0.022451397243066017
1961-07-01,US,-0.08054362312358587,-0.12540757398444655,-0.03567967226272519
1961-10-01,US,-0.11379365842515919,-0.1551322317716171,-0.07245508507870128
1962-01-01,US,-0.11654132136819227,-0.15989007705837938,-0.07319256567800517
1962-04-01,US,-0.08264824835433762,-0.14762599208711188,-0.01767050462156336
1962-07-01,US,-0.0805138932065969,-0.15070712600408576,-0.01032066040910802
1962-10-01,US,-0.09507143626763326,-0.18589934679879233,-0.004243525736474185
1963-01-01,US,-0.07106492684596699,-0.1687699146522792,0.026640060960345213
1963-04-01,US,-0.083475962522586,-0.15178005602079925,-0.015171869024372758
1963-07-01,US,-0.08365384225670007,-0.1412365319347909,-0.026071152578609237
1963-10-01,US,-0.05718352703976354,-0.1228442904182078,0.008477236338680721
1964-01-01,US,-0.07719029952919046,-0.14727536452099388,-0.0071052345373870535
1964-04-01,US,-0.09293316699108764,-0.14745992889099188,-0.038406405091183406
1964-07-01,US,-0.0995928226133041,-0.15960195072221572,-0.03958369450439249
1964-10-01,US,-0.0945105806025837,-0.17432614763193394,-0.014695013573233454
1965-01-01,US,-0.07579740579291835,-0.15695854587508612,0.005363734289249411
1965-04-01,US,-0.07807410810891782,-0.12709891487382788,-0.029049301344007766
1965-07-01,US,-0.08402167361594397,-0.13743747204268808,-0.03060587518919987
1965-10-01,US,-0.06534193363283052,-0.10133655155339,-0.029347315712271033
1966-01-01,US,-0.05919678842411526,-0.09373123832468358,-0.024662338523546934
1966-04-01,US,-0.08317836274537312,-0.16686202567310865,0.000505300182362417
1966-07-01,US,-0.12289413692696477,-0.22353471893238674,-0.02225355492154278
1966-10-01,US,-0.11296791089602345,-0.19778596174964064,-0.028149860042406286
1967-01-01,US,-0.0836775297946055,-0.16819254594824173,0.0008374863590307202
1967-04-01,US,-0.12928154553764923,-0.2442774405109001,-0.01428565056439833
1967-07-01,US,-0.1263720806210998,-0.2453997221823875,-0.007344439059812108
1967-10-01,US,-0.0828827650267897,-0.16558261694631254,-0.00018291310726686882
1968-01-01,US,-0.08149245392899751,-0.15461218183503017,-0.008372726022964835
1968-04-01,US,-0.06703324458731283,-0.11102802431770889,-0.023038464856916768
1968-07-01,US,-0.07709821656794882,-0.147766329254979,-0.00643010388091865
1968-10-01,US,-0.1293574362406937,-0.22830862666640017,-0.030406245814987243
1969-01-01,US,-0.09832887839247667,-0.18452591119143708,-0.012131845593516266
1969-04-01,US,-0.0738948580871612,-0.15964510362492002,0.011855387450597624
1969-07-01,US,-0.10072840232682671,-0.2211237594987365,0.019666954845083073
1969-10-01,US,-0.11483122468407847,-0.27424364296687176,0.04458119359871479
1970-01-01,US,-0.10456491010451499,-0.26074146261123377,0.05161164240220378
1970-04-01,US,-0.05937296047236653,-0.22674093821834929,0.10799501727361621
1970-07-01,US,-0.013337224639910363,-0.15025660575282168,0.12358215647300097
1970-10-01,US,-0.01810657234331731,-0.17647031640862026,0.14025717172198565
1971-01-01,US,-0.030869112589212093,-0.15743020121579207,0.09569197603736787
1971-04-01,US,-0.057934178155423455,-0.12093241883871154,0.005064062527864635
1971-07-01,US,-0.08060937183720936,-0.17465914941039676,0.013440405735978045
1971-10-01,US,-0.1288461685794991,-0.2337280398277809,-0.023964297331217313
1972-01-01,US,-0.10374241181750263,-0.19816150017542883,-0.009323323459576413
1972-04-01,US,-0.04839415073152406,-0.08967702452460014,-0.007111276938447986
1972-07-01,US,-0.06993384349780205,-0.12944098251247965,-0.010426704483124445
1972-10-01,US,-0.08919465047448771,-0.1531587461500732,-0.025230554798902224
1973-01-01,US,-0.08319934579956309,-0.12729083862160284,-0.039107852977523345
1973-04-01,US,-0.05401575378513056,-0.11048305766070729,0.002451550090446168
1973-07-01,US,-0.14170762935075185,-0.2825997233768437,-0.0008155353246599994
1973-10-01,US,-0.14512956099043825,-0.31432682312760896,0.02406770114673243
1974-01-01,US,-0.12744409299890463,-0.30481952086111797,0.049931334863308724
1974-04-01,US,-0.1057475305693283,-0.26383879503023105,0.05234373389157447
1974-07-01,US,-0.16440755429707354,-0.31019127747918296,-0.01862383111496413
1974-10-01,US,-0.26234052723451706,-0.3666294778163121,-0.15805157665272201
1975-01-01,US,-0.3493251544724815,-0.44691160526139456,-0.2517387036835685
1975-04-01,US,-0.25943583793506353,-0.3823693754678516,-0.13650230040227546
1975-07-01,US,-0.14397634316322738,-0.21392191184627113,-0.07403077448018362
1975-10-01,US,-0.08569792624416775,-0.13694059898493827,-0.034455253503397246
1976-01-01,US,-0.10633853199309365,-0.1570398152442617,-0.05563724874192559
1976-04-01,US,-0.09107652527985394,-0.16193353360782434,-0.020219516951883537
1976-07-01,US,-0.07638239573136689,-0.1728021463245918,0.02003735486185801
1976-10-01,US,-0.09878552325749995,-0.19750989189905135,-6.115461594854987e-05
1977-01-01,US,-0.1233053786811401,-0.20483289255250003,-0.04177786480978017
1977-04-01,US,-0.09657028310058076,-0.1554697244271894,-0.03767084177397212
1977-07-01,US,-0.07487806173991769,-0.11800211467938806,-0.03175400880044731
1977-10-01,US,-0.13768291039800168,-0.23554331294399058,-0.03982250785201277
1978-01-01,US,-0.13555430241695832,-0.26461811343562835,-0.006490491398288306
1978-04-01,US,-0.05492246425959361,-0.13582221950644557,0.02597729098725835
1978-07-01,US,-0.04510048170648035,-0.10154070010228286,0.011339736689322151
1978-10-01,US,-0.08316813162140249,-0.14768141696650094,-0.018654846276304052
1979-01-01,US,-0.11587249567351421,-0.21572281307103955,-0.01602217827598887
1979-04-01,US,-0.13624879065583073,-0.2825530097890931,0.010055428477431627
1979-07-01,US,-0.10058446358273723,-0.23500499165489605,0.033836064489421586
1979-10-01,US,-0.09908437978610139,-0.21857309969244637,0.0204043401202436
1980-01-01,US,-0.0799311271962595,-0.21368678765882199,0.05382453326630299
1980-04-01,US,-0.10136330529576637,-0.21437930874333427,0.011652698151801547
1980-07-01,US,-0.07656176607664193,-0.15364605980232737,0.0005225276490434944
1980-10-01,US,-0.07384395468954141,-0.16889974445272216,0.021211835073639315
1981-01-01,US,-0.03932342926193009,-0.08172696847513833,0.003080109951278158
1981-04-01,US,-0.11468365519773539,-0.22878564438020055,-0.0005816660152702241
1981-07-01,US,-0.08627340515075801,-0.2360277248096609,0.06348091450814486
1981-10-01,US,-0.0565437046682593,-0.19854935083183486,0.08546194149531625
1982-01-01,US,-0.06060199788302646,-0.12473212704141733,0.0035281312753644017
1982-04-01,US,-0.14004609978062443,-0.26487830060152096,-0.015213898959727898
1982-07-01,US,-0.1580502027310609,-0.3202187459175644,0.004118340455442543
1982-10-01,US,-0.18888894372051643,-0.3437366388472127,-0.034041248593820156
1983-01-01,US,-0.15976673805932176,-0.2791598655878971,-0.04037361053074638
1983-04-01,US,-0.07528468289185947,-0.13239011474159007,-0.018179251042128877
1983-07-01,US,-0.12012481461969539,-0.15848199424893808,-0.0817676349904527
1983-10-01,US,-0.1317507737901789,-0.17126956556870493,-0.0922319820116529
1984-01-01,US,-0.11546372160203863,-0.1552876170892352,-0.07563982611484207
1984-04-01,US,-0.09702789591870994,-0.1416591040396578,-0.05239668779776207
1984-07-01,US,-0.07183071503984115,-0.14058630964383223,-0.003075120435850079
1984-10-01,US,-0.10558723183045934,-0.18490696294246156,-0.02626750071845714
1985-01-01,US,-0.09262011676500731,-0.17248389514011045,-0.01275633838990417
1985-04-01,US,-0.06894960613455019,-0.145475160290313,0.007575948021212614
1985-07-01,US,-0.07318949711909808,-0.14319101869419235,-0.0031879755440038238
1985-10-01,US,-0.10120505755792789,-0.17440831582737282,-0.02800179928848294
1986-01-01,US,-0.08645897944939088,-0.16971781116476117,-0.003200147734020581
1986-04-01,US,-0.09082477610570447,-0.18585544090996475,0.004205888698555829
1986-07-01,US,-0.1368657625607536,-0.23417456991498317,-0.03955695520652405
1986-10-01,US,-0.1498121343716835,-0.24073266763959306,-0.058891601103773936
1987-01-01,US,-0.1707100563530552,-0.2691284129726963,-0.07229169973341407
1987-04-01,US,-0.15695230568756618,-0.23901351308147467,-0.07489109829365768
1987-07-01,US,-0.13463112023590063,-0.20835003655211343,-0.06091220391968781
1987-10-01,US,-0.08562439698090651,-0.15373536487666825,-0.017513429085144777
1988-01-01,US,-0.10523576456718373,-0.18073472219616304,-0.029736806938204408
1988-04-01,US,-0.11230535895244688,-0.19488613999355786,-0.029724577911335884
1988-07-01,US,-0.09138491545456877,-0.16863284173395204,-0.014136989175185508
1988-10-01,US,-0.09073294732821913,-0.17203147286129383,-0.009434421795144435
1989-01-01,US,-0.08968199836898352,-0.15538133298952933,-0.023982663748437716
1989-04-01,US,-0.07907857002283393,-0.15926188159864302,0.001104741552975172
1989-07-01,US,-0.08879315938992675,-0.17975224303802617,0.0021659242581726496
1989-10-01,US,-0.09376744565508721,-0.2072088133455779,0.01967392203540347
1990-01-01,US,-0.09885586312030686,-0.2071142188723245,0.00940249263171078
1990-04-01,US,-0.08839369942992813,-0.1854875783381736,0.008700179478317319
1990-07-01,US,-0.06248799454954073,-0.1992160681481896,0.07424007904910812
1990-10-01,US,-0.06848182542462797,-0.20056436594573554,0.0636007150964796
1991-01-01,US,-0.07183690982406676,-0.1735695572692228,0.029895737621089255
1991-04-01,US,-0.07020474111468261,-0.20920106667951704,0.06879158445015182
1991-07-01,US,-0.07057252284757681,-0.17475093419349597,0.033605888498342354
1991-10-01,US,-0.03658903089416743,-0.15441025195381297,0.08123219016547813
1992-01-01,US,-0.013356123881924543,-0.11322876340867802,0.08651651564482893
1992-04-01,US,-0.015644764776181624,-0.08214268680170649,0.05085315724934324
1992-07-01,US,-0.0599919501698489,-0.13105958528238726,0.011075684942689457
1992-10-01,US,-0.1248447991309709,-0.1989114526502238,-0.05077814561171799
1993-01-01,US,-0.1711722208578188,-0.2804366086119479,-0.06190783310368969
1993-04-01,US,-0.18902531872158532,-0.31718117486766334,-0.060869462575507294
1993-07-01,US,-0.18856582791339987,-0.3009973489178822,-0.07613430690891752
1993-10-01,US,-0.12280955252626927,-0.21458240489587854,-0.03103670015665999
1994-01-01,US,-0.08425421687378695,-0.14983822689933282,-0.018670206848241083
1994-04-01,US,-0.12415769833293298,-0.19153716442298177,-0.0567782322428842
1994-07-01,US,-0.1263595302252832,-0.2052333380830103,-0.04748572236755609
1994-10-01,US,-0.156178132548301,-0.2404374483059425,-0.07191881679065952
1995-01-01,US,-0.1362084878995067,-0.23402211978084259,-0.038394856018170845
1995-04-01,US,-0.10848558862364693,-0.2371586909599117,0.020187513712617844
1995-07-01,US,-0.10891288324311482,-0.22259645173830928,0.004770685252079632
1995-10-01,US,-0.10790921326183198,-0.19850459972215895,-0.017313826801504992
1996-01-01,US,-0.09521757634134932,-0.18826929675796655,-0.0021658559247320908
1996-04-01,US,-0.07079342788856637,-0.14771107542838346,0.006124219651250734
1996-07-01,US,-0.08322355457195522,-0.14921611966898266,-0.017230989474927794
1996-10-01,US,-0.06229094910131831,-0.1376656834877128,0.013083785285076158
1997-01-01,US,-0.09208005245118295,-0.17396087222173795,-0.010199232680627945
1997-04-01,US,-0.09955627374018214,-0.18048952096820225,-0.018623026512162022
1997-07-01,US,-0.06947136422083573,-0.12530898975341842,-0.013633738688253058
1997-10-01,US,-0.09398331848920324,-0.1659659981000559,-0.022000638878350576
1998-01-01,US,-0.08290916064565387,-0.15978965099476222,-0.006028670296545538
1998-04-01,US,-0.10072337942514184,-0.17497973769500774,-0.026467021155275938
1998-07-01,US,-0.04240889522186247,-0.11358214529547792,0.028764354851752987
1998-10-01,US,-0.059113902738508306,-0.11668571666166919,-0.0015420888153474185
1999-01-01,US,-0.07034636856460463,-0.1366007791331632,-0.004091957996046058
1999-04-01,US,-0.07307254701498367,-0.15145638651248955,0.005311292482522198
1999-07-01,US,-0.06407221716923507,-0.13725866135668785,0.009114227018217722
1999-10-01,US,-0.06677215928006766,-0.12166867485457243,-0.011875643705562891
2000-01-01,US,-0.07248614783005375,-0.15194994318538174,0.00697764752527423
2000-04-01,US,-0.06487392124875607,-0.14509707350141499,0.015349231003902841
2000-07-01,US,-0.07477084027689634,-0.16585483174985716,0.016313151196064454
2000-10-01,US,-0.09922532515740931,-0.2420739594920827,0.04362330917726409
2001-01-01,US,-0.07101610384651984,-0.25175591015910387,0.10972370246606421
2001-04-01,US,-0.055942967402905566,-0.2529488744219934,0.14106293961618221
2001-07-01,US,-0.041945948541246475,-0.23613422849702034,0.1522423314145274
2001-10-01,US,-0.05846600395134961,-0.23377936154585593,0.1168473536431567
2002-01-01,US,-0.04367576725490888,-0.16608998697128377,0.07873845246146599
2002-04-01,US,-0.050048473049156744,-0.14726124198702434,0.047164295888710864
2002-07-01,US,-0.09834793978591588,-0.21706210989158137,0.020366230319749587
2002-10-01,US,-0.08666837003193101,-0.23169215051589456,0.05835541045203255
2003-01-01,US,-0.07705547359452401,-0.21875098756097527,0.06464004037192723
2003-04-01,US,-0.02614976240557208,-0.13025802273997758,0.07795849792883341
2003-07-01,US,-0.04850226501899964,-0.1221607983151449,0.02515626827714562
2003-10-01,US,-0.08507640729054586,-0.14470438951305883,-0.025448425068032875
2004-01-01,US,-0.0967113041725771,-0.18377940908725238,-0.009643199257901844
2004-04-01,US,-0.10725802388268552,-0.20288349827441143,-0.011632549490959612
2004-07-01,US,-0.10053628277206905,-0.1846470026704327,-0.016425562873705404
2004-10-01,US,-0.06668223586324726,-0.14189756727502006,0.008533095548525535
2005-01-01,US,-0.08298784654580327,-0.1538579718099397,-0.01211772128166684
2005-04-01,US,-0.11558661186955628,-0.205222134912242,-0.025951088826870555
2005-07-01,US,-0.11462754128081099,-0.2141512646930377,-0.015103817868584266
2005-10-01,US,-0.09473514540161607,-0.1902874364579849,0.0008171456547527711
2006-01-01,US,-0.10257652658410071,-0.187703301136462,-0.017449752031739416
2006-04-01,US,-0.11470341103625876,-0.21258113157969635,-0.016825690492821177
2006-07-01,US,-0.1315104568080268,-0.2717185522491672,0.008697638633113597
2006-10-01,US,-0.12806093738395177,-0.25302881938907124,-0.003093055378832324
2007-01-01,US,-0.08900085752084891,-0.1993796535976432,0.021377938555945372
2007-04-01,US,-0.07076314494393209,-0.19156768042786554,0.05004139054000137
2007-07-01,US,-0.03570481776777429,-0.14395003489547953,0.07254039935993095
2007-10-01,US,-0.0331853506815049,-0.1466347879570668,0.08026408659405702
2008-01-01,US,-0.044442043934368,-0.2084580945166169,0.11957400664788088
2008-04-01,US,-0.052586099365566144,-0.2291919275333279,0.12401972880219563
2008-07-01,US,-0.07042384149839992,-0.22440829202075743,0.0835606090239576
2008-10-01,US,-0.12758154680034997,-0.20693212042065523,-0.04823097318004471
2009-01-01,US,-0.1745266343669314,-0.23113867508623287,-0.1179145936476299
2009-04-01,US,-0.20659668596157574,-0.3121261516368396,-0.10106722028631188
2009-07-01,US,-0.12253238850663106,-0.26168317334314944,0.01661839632988732
2009-10-01,US,-0.04671097846491529,-0.1483676753868921,0.054945718457061546
2010-01-01,US,-0.0663574112315786,-0.1556453122173426,0.022930489754185407
2010-04-01,US,-0.11405100111664751,-0.20886930714463148,-0.01923269508866353
2010-07-01,US,-0.09027026727026803,-0.1741413439424912,-0.0063991905980448766
2010-10-01,US,-0.0836747497762689,-0.1897483723728735,0.022398872820335702
2011-01-01,US,-0.1633822421466341,-0.3213682932445491,-0.005396191048719107
2011-04-01,US,-0.16982380195976116,-0.3355361653779597,-0.004111438541562568
2011-07-01,US,-0.16561413426613936,-0.30987572840641475,-0.02135254012586399
2011-10-01,US,-0.1798646745704705,-0.30293781198335007,-0.05679153715759093
2012-01-01,US,-0.1313418460870922,-0.20926146948743468,-0.05342222268674973
2012-04-01,US,-0.11066837576865599,-0.21533295920293458,-0.006003792334377395
2012-07-01,US,-0.15080638440017852,-0.2942556097317214,-0.007357159068635627
2012-10-01,US,-0.15795147241213806,-0.31564423576948236,-0.00025870905479374873
2013-01-01,US,-0.12612962367673924,-0.25219994385999267,-5.930349348584607e-05
2013-04-01,US,-0.13169954795013172,-0.23622216947971947,-0.027176926420543993
2013-07-01,US,-0.1523744623890959,-0.2624136511860074,-0.04233527359218442
2013-10-01,US,-0.1369278887961588,-0.22411709421705203,-0.049738683375265574
2014-01-01,US,-0.17694209825017915,-0.3096987799323814,-0.04418541656797689
2014-04-01,US,-0.15744153292841334,-0.28580606583022594,-0.029077000026600713
2014-07-01,US,-0.06958321426279548,-0.13270319352282117,-0.006463235002769796
2014-10-01,US,-0.1202581612918116,-0.20578785772010075,-0.03472846486352246
2015-01-01,US,-0.09985704725752463,-0.19625765205649176,-0.0034564424585574877
2015-04-01,US,-0.09561685794997256,-0.18979447754721107,-0.0014392383527340319
2015-07-01,US,-0.1493098189652655,-0.26872913451682623,-0.029890503413704778
2015-10-01,US,-0.1342961072427668,-0.2792807591773399,0.010688544691806301
2016-01-01,US,-0.1137496125308956,-0.25637975522646483,0.028880530164673623
2016-04-01,US,-0.0789042781001556,-0.20714660112353034,0.04933804492321914
2016-07-01,US,-0.07371776927116017,-0.1945246235042809,0.047089084961960584
2016-10-01,US,-0.09259225474849933,-0.1984248932247354,0.013240383727736713
2017-01-01,US,-0.11236298097175404,-0.2265797762530128,0.0018538143095047088
2017-04-01,US,-0.10304752029858817,-0.21630995586281404,0.010214915265637697
2017-07-01,US,-0.06102865167013932,-0.16188190654981902,0.03982460320954037
2017-10-01,US,-0.059745678948264914,-0.14096576107580294,0.021474403179273106
2018-01-01,US,-0.06318937706159491,-0.14102337023118308,0.014644616107993252
2018-04-01,US,-0.07392888937588599,-0.17343391320350587,0.0255761344517339
2018-07-01,US,-0.08069321789962958,-0.19237523384354155,0.03098879804428241
2018-10-01,US,-0.05808010158464692,-0.18869816188361233,0.07253795871431847
2019-01-01,US,-0.04942695784005909,-0.18229564898176903,0.08344173330165083
2019-04-01,US,-0.06873103792764432,-0.16715500598883004,0.02969293013354142
2019-07-01,US,-0.02905282159992665,-0.1064143344177064,0.04830869121785309
2019-10-01,US,-0.039043873481008795,-0.11912752150570477,0.04103977454368718
2020-01-01,US,-0.06530919864751085,-0.2177171632487726,0.08709876595375089
2020-04-01,US,-0.10777617041715842,-0.2786816193225429,0.06312927848822605
2020-07-01,US,-0.13351163408725097,-0.2895304164802107,0.022507148305708796
2020-10-01,US,-0.15647116267780886,-0.23838613976552087,-0.07455618559009684
2021-01-01,US,-0.12449418812564966,-0.24013195513647811,-0.008856421114821211
2021-04-01,US,-0.10293074599152027,-0.20348267559196734,-0.0023788163910732074
2021-07-01,US,-0.16150139067261082,-0.25825409429156676,-0.06474868705365489
2021-10-01,US,-0.16291251381128777,-0.2512664889686613,-0.07455853865391425
2022-01-01,US,-0.14583102889791913,-0.2656909876005284,-0.025971070195309878
2022-04-01,US,-0.09337108257526389,-0.24174238188490446,0.05500021673437669
2022-07-01,US,-0.05715232121431584,-0.17487318157597218,0.060568539147340485
2022-10-01,US,-0.016864407060591974,-0.08811675537702271,0.05438794125583876
2023-01-01,US,-0.027666990481541393,-0.08872564016939147,0.033391659206308676
2023-04-01,US,-0.01858245829161094,-0.07449135650692054,0.03732643992369866
2023-07-01,US,0.014139112314679965,-0.03881022650453561,0.06708845113389554
2023-10-01,US,0.02801186068092867,-0.007409608296092673,0.06343332965795001
2024-01-01,US,0.0025056620775243937,-0.07096730986380097,0.07597863401884976
2024-04-01,US,0.02715334723681568,-0.05270684009270429,0.10701353456633564
2024-07-01,US,0.04356544704554534,0.012298688381805388,0.07483220570928528
2024-10-01,US,-0.02400011295119557,-0.06709669113575153,0.0190964652333604
2025-01-01,US,-0.02597513446410344,-0.1530540138572122,0.10110374492900534
2025-04-01,US,0.0105125731344991,-0.10331601297198638,0.12434115924098459
2025-07-01,US,0.023228925788223873,-0.0030447653139584543,0.0495026168904062
2025-10-01,US,-0.012058943792403118,-0.09344214376982451,0.06932425618501828
2026-01-01,US,-0.11656179974988548,-0.2262154921771653,-0.006908107322605661
1966-04-01,Canada,-0.2668195068938185,-0.43793670471731483,-0.09570230907032215
1966-07-01,Canada,-0.26178042829705234,-0.43211019359243735,-0.09145066300166732
1966-10-01,Canada,-0.26393001617071876,-0.4348179641060468,-0.09304206823539071
1967-01-01,Canada,-0.261510870777356,-0.43110504536764477,-0.09191669618706727
1967-04-01,Canada,-0.25974880117931615,-0.42568531872630033,-0.09381228363233199
1967-07-01,Canada,-0.25623090095648116,-0.41806837412728753,-0.09439342778567478
1967-10-01,Canada,-0.24693803439968892,-0.40597090892061805,-0.08790515987875977
1968-01-01,Canada,-0.24054374662563618,-0.39334049882574007,-0.08774699442553227
1968-04-01,Canada,-0.2352137222571446,-0.3786505084829134,-0.09177693603137585
1968-07-01,Canada,-0.23822145974666795,-0.3769825714507963,-0.09946034804253959
1968-10-01,Canada,-0.24679752587830178,-0.38817560073474,-0.10541945102186359
1969-01-01,Canada,-0.2513338917335006,-0.3958036610824672,-0.10686412238453408
1969-04-01,Canada,-0.24665107211784246,-0.3954042194737124,-0.09789792476197251
1969-07-01,Canada,-0.24015806938395173,-0.39133660517429214,-0.0889795335936113
1969-10-01,Canada,-0.22983387912877512,-0.3811078014661083,-0.07855995679144195
1970-01-01,Canada,-0.2235331329214295,-0.37623068199718446,-0.07083558384567454
1970-04-01,Canada,-0.22034447113531622,-0.37423052430872716,-0.0664584179619053
1970-07-01,Canada,-0.22449332137274178,-0.3764568126122264,-0.07252983013325717
1970-10-01,Canada,-0.23102522081303956,-0.37835313567663115,-0.08369730594944796
1971-01-01,Canada,-0.23117495758064865,-0.37133082281431207,-0.09101909234698521
1971-04-01,Canada,-0.23104484951870113,-0.36010541461293555,-0.10198428442446669
1971-07-01,Canada,-0.22907415071255913,-0.34514052727475514,-0.1130077741503631
1971-10-01,Canada,-0.2357400966186964,-0.3539525422808209,-0.11752765095657192
1972-01-01,Canada,-0.24876613477973905,-0.37252901406896405,-0.12500325549051405
1972-04-01,Canada,-0.2549281480376249,-0.3785770298944319,-0.13127926618081792
1972-07-01,Canada,-0.26296423667696217,-0.3845011718176282,-0.14142730153629612
1972-10-01,Canada,-0.2862459481440752,-0.4060526284987329,-0.1664392677894175
1973-01-01,Canada,-0.3135750328980118,-0.4292929557041178,-0.19785711009190582
1973-04-01,Canada,-0.32770232912232083,-0.44849730635084406,-0.2069073518937976
1973-07-01,Canada,-0.32971474566508663,-0.458258505722703,-0.20117098560747024
1973-10-01,Canada,-0.3290354936940191,-0.46160971537106843,-0.19646127201696975
1974-01-01,Canada,-0.3334931656877199,-0.46942420840538324,-0.19756212297005663
1974-04-01,Canada,-0.32921857574865726,-0.46976468478944944,-0.18867246670786508
1974-07-01,Canada,-0.3221385863001326,-0.46627350091157516,-0.17800367168869005
1974-10-01,Canada,-0.31258760185442436,-0.4578262944912027,-0.16734890921764603
1975-01-01,Canada,-0.3031172376359874,-0.4465219433277925,-0.15971253194418233
1975-04-01,Canada,-0.2894252000499338,-0.42870075161478627,-0.15014964848508125
1975-07-01,Canada,-0.2738514096892951,-0.40575027324734314,-0.1419525461312471
1975-10-01,Canada,-0.2670497689000789,-0.39527555018608507,-0.1388239876140728
1976-01-01,Canada,-0.2691107332015215,-0.39604064950998974,-0.1421808168930533
1976-04-01,Canada,-0.26300218196045255,-0.38955262039114813,-0.136451743529757
1976-07-01,Canada,-0.26033255475619,-0.39274266848438616,-0.12792244102799383
1976-10-01,Canada,-0.26829512715709647,-0.4076215218326138,-0.12896873248157917
1977-01-01,Canada,-0.2759397694561407,-0.4185009222389545,-0.13337861667332684
1977-04-01,Canada,-0.28857708663636733,-0.43301083062356105,-0.14414334264917358
1977-07-01,Canada,-0.3005456448003162,-0.44676076473705084,-0.1543305248635816
1977-10-01,Canada,-0.31555310206512494,-0.4610627006346096,-0.1700435034956403
1978-01-01,Canada,-0.33873018265756777,-0.4842150775121058,-0.19324528780302977
1978-04-01,Canada,-0.3605708748475238,-0.5081293502490694,-0.21301239944597833
1978-07-01,Canada,-0.3833562954194861,-0.5318921372714456,-0.23482045356752665
1978-10-01,Canada,-0.4026355762493088,-0.5511754937903688,-0.25409565870824874
1979-01-01,Canada,-0.4198016893173238,-0.568081799299337,-0.2715215793353107
1979-04-01,Canada,-0.43136818657609355,-0.5788441373948294,-0.2838922357573577
1979-07-01,Canada,-0.4352077854294025,-0.5827624905433648,-0.28765308031544023
1979-10-01,Canada,-0.4248683778882843,-0.5732234820659996,-0.276513273710569
1980-01-01,Canada,-0.4160843026002516,-0.5641768714138302,-0.26799173378667296
1980-04-01,Canada,-0.4147797835548395,-0.5616810034129152,-0.2678785636967638
1980-07-01,Canada,-0.41317449664018,-0.5565580479427266,-0.2697909453376335
1980-10-01,Canada,-0.4095505467176245,-0.5463698665039252,-0.2727312269313238
1981-01-01,Canada,-0.39954249973725997,-0.5278521006935947,-0.27123289878092527
1981-04-01,Canada,-0.41591196433745686,-0.5428482462450619,-0.2889756824298518
1981-07-01,Canada,-0.43757333522104447,-0.5690420504464313,-0.3061046199956577
1981-10-01,Canada,-0.45924692081279656,-0.5922073587543538,-0.3262864828712393
1982-01-01,Canada,-0.4766639086536263,-0.609350711355158,-0.34397710595209463
1982-04-01,Canada,-0.4975059168967665,-0.6283693573611933,-0.36664247643233966
1982-07-01,Canada,-0.5040356955108383,-0.6333656062924311,-0.37470578472924543
1982-10-01,Canada,-0.49127200863788967,-0.6186268060145873,-0.36391721126119203
1983-01-01,Canada,-0.4765636265759307,-0.6006245880172901,-0.3525026651345713
1983-04-01,Canada,-0.4556649052506646,-0.5731356023365335,-0.3381942081647957
1983-07-01,Canada,-0.4488206066899263,-0.5652932978271725,-0.33234791555268006
1983-10-01,Canada,-0.4259132631390371,-0.5435802374447016,-0.3082462888333726
1984-01-01,Canada,-0.3964627636372543,-0.5139130063136947,-0.27901252096081386
1984-04-01,Canada,-0.3781684265696687,-0.49604390493814854,-0.26029294820118887
1984-07-01,Canada,-0.3892349358380983,-0.5115721789323912,-0.26689769274380554
1984-10-01,Canada,-0.40273898105960204,-0.528407823405042,-0.2770701387141621
1985-01-01,Canada,-0.41464077618998896,-0.541880938161156,-0.28740061421882185
1985-04-01,Canada,-0.4215901782255136,-0.5535164354442601,-0.2896639210067671
1985-07-01,Canada,-0.42844826178460726,-0.5635500037773856,-0.2933465197918289
1985-10-01,Canada,-0.4271456264177348,-0.5636618853641864,-0.2906293674712832
1986-01-01,Canada,-0.4368697280279577,-0.5779762463799828,-0.2957632096759326
1986-04-01,Canada,-0.43824321637971436,-0.5824189807171731,-0.29406745204225565
1986-07-01,Canada,-0.4354993252742374,-0.5798487613236601,-0.29114988922481466
1986-10-01,Canada,-0.43090731821175793,-0.5728234794394292,-0.2889911569840866
1987-01-01,Canada,-0.4278001948802509,-0.5642915626878585,-0.2913088270726433
1987-04-01,Canada,-0.42818874686490443,-0.5575970975538302,-0.2987803961759787
1987-07-01,Canada,-0.43118467819338924,-0.5599419718501916,-0.3024273845365869
1987-10-01,Canada,-0.4310832940951941,-0.5609449101070151,-0.3012216780833731
1988-01-01,Canada,-0.42913777090019045,-0.5620554057671469,-0.29622013603323405
1988-04-01,Canada,-0.4308650225246141,-0.5693404909805263,-0.29238955406870193
1988-07-01,Canada,-0.43494721239659795,-0.5805699273914218,-0.28932449740177413
1988-10-01,Canada,-0.43972125283719643,-0.5902463967473264,-0.2891961089270665
1989-01-01,Canada,-0.4420340736882472,-0.595274599175948,-0.2887935482005464
1989-04-01,Canada,-0.44486942287385645,-0.6021589237181373,-0.2875799220295756
1989-07-01,Canada,-0.4538313297844012,-0.6158703368868412,-0.2917923226819612
1989-10-01,Canada,-0.4573880217352899,-0.6230692722198377,-0.2917067712507422
1990-01-01,Canada,-0.46018889900907844,-0.6278207345674736,-0.29255706345068333
1990-04-01,Canada,-0.464935476762275,-0.6337920481781593,-0.2960789053463907
1990-07-01,Canada,-0.4685532327870011,-0.6377355608602071,-0.2993709047137951
1990-10-01,Canada,-0.472171847355603,-0.6409710093207168,-0.3033726853904892
1991-01-01,Canada,-0.4701811989537652,-0.639075048493058,-0.30128734941447244
1991-04-01,Canada,-0.4619845204840807,-0.6341097632350556,-0.28985927773310577
1991-07-01,Canada,-0.4555926881850383,-0.630039880589099,-0.2811454957809776
1991-10-01,Canada,-0.4491106891603319,-0.625142307379856,-0.27307907094080786
1992-01-01,Canada,-0.44033741375059454,-0.6167385767863677,-0.2639362507148214
1992-04-01,Canada,-0.4323711207343201,-0.6078790195218604,-0.25686322194677985
1992-07-01,Canada,-0.4259044774258436,-0.5990805251536202,-0.252728429698067
1992-10-01,Canada,-0.42480169991889355,-0.5945189500777881,-0.255084449759999
1993-01-01,Canada,-0.4275171541321128,-0.5934540190923991,-0.2615802891718264
1993-04-01,Canada,-0.4185310463022482,-0.5803080107153685,-0.25675408188912785
1993-07-01,Canada,-0.42383214408497283,-0.5815504337320729,-0.2661138544378727
1993-10-01,Canada,-0.42852994244285997,-0.5832890881725917,-0.2737707967131282
1994-01-01,Canada,-0.43164772410720426,-0.5825528461582968,-0.2807426020561117
1994-04-01,Canada,-0.43344401588886927,-0.5806564478493424,-0.2862315839283961
1994-07-01,Canada,-0.43691972588631045,-0.5852928859147943,-0.28854656585782656
1994-10-01,Canada,-0.4362261893185846,-0.5896091353113145,-0.28284324332585464
1995-01-01,Canada,-0.4308671991679136,-0.58998476555235,-0.27174963278347725
1995-04-01,Canada,-0.425876948818101,-0.5905284737161993,-0.2612254239200027
1995-07-01,Canada,-0.41808320454793846,-0.5866716612669778,-0.2494947478288992
1995-10-01,Canada,-0.4088334491767872,-0.5791041592034147,-0.23856273915015963
1996-01-01,Canada,-0.3970954269784155,-0.5671104962650196,-0.2270803576918113
1996-04-01,Canada,-0.38633784722659126,-0.5541356525267482,-0.21854004192643434
1996-07-01,Canada,-0.37411231890526175,-0.5379748823652679,-0.2102497554452556
1996-10-01,Canada,-0.36939965639250305,-0.529002434180744,-0.20979687860426216
1997-01-01,Canada,-0.37121083853728903,-0.5261474748509023,-0.21627420222367583
1997-04-01,Canada,-0.366702502343347,-0.5178336695036089,-0.2155713351830851
1997-07-01,Canada,-0.3656432906589958,-0.5146999499152114,-0.21658663140278023
1997-10-01,Canada,-0.3572380976916104,-0.5051949852581872,-0.2092812101250337
1998-01-01,Canada,-0.35159788520125135,-0.4989002644823777,-0.204295505920125
1998-04-01,Canada,-0.3483809891648204,-0.4962048977476994,-0.2005570805819414
1998-07-01,Canada,-0.33883300118701365,-0.48536662668897823,-0.19229937568504904
1998-10-01,Canada,-0.3269042939288886,-0.46906316285763094,-0.18474542500014626
1999-01-01,Canada,-0.31579938338622504,-0.4536474014833728,-0.1779513652890773
1999-04-01,Canada,-0.3130738657862438,-0.4502309074611509,-0.1759168241113367
1999-07-01,Canada,-0.31646192325244427,-0.4535450282186359,-0.17937881828625263
1999-10-01,Canada,-0.3129974788774874,-0.44965391108307373,-0.1763410466719011
2000-01-01,Canada,-0.29730821147493797,-0.43587988372667175,-0.15873653922320421
2000-04-01,Canada,-0.28799952700829123,-0.43115449017906876,-0.1448445638375137
2000-07-01,Canada,-0.2776110007874443,-0.4278027538624162,-0.12741924771247234
2000-10-01,Canada,-0.27781325691328473,-0.4357699378827018,-0.1198565759438677
2001-01-01,Canada,-0.2763086031832535,-0.4403304136734888,-0.11228679269301822
2001-04-01,Canada,-0.27508056436129513,-0.4431212852553633,-0.10703984346722695
2001-07-01,Canada,-0.27383068519049636,-0.44426051020192403,-0.10340086017906866
2001-10-01,Canada,-0.2715727777882585,-0.4420953333666048,-0.1010502222099122
2002-01-01,Canada,-0.27329034941895675,-0.4417952833368398,-0.10478541550107368
2002-04-01,Canada,-0.28857421843632736,-0.4571637518842534,-0.11998468498840129
2002-07-01,Canada,-0.298076989408761,-0.46893689678317,-0.12721708203435195
2002-10-01,Canada,-0.30460912755573555,-0.4777030155223232,-0.13151523958914793
2003-01-01,Canada,-0.31188167020500457,-0.48705063174387164,-0.1367127086661375
2003-04-01,Canada,-0.317044446263959,-0.4934298668700273,-0.1406590256578907
2003-07-01,Canada,-0.3228121337685468,-0.49857854019185477,-0.14704572734523877
2003-10-01,Canada,-0.3288411837002486,-0.5019464992510336,-0.15573586814946358
2004-01-01,Canada,-0.32832231556041036,-0.4978175405130112,-0.15882709060780956
2004-04-01,Canada,-0.325956799549257,-0.4914952638661436,-0.16041833523237034
2004-07-01,Canada,-0.3245449364966241,-0.4872004581671746,-0.16188941482607355
2004-10-01,Canada,-0.3248142356065169,-0.4877122355353285,-0.1619162356777053
2005-01-01,Canada,-0.33197698105369516,-0.4961084856275171,-0.16784547647987322
2005-04-01,Canada,-0.33511278939895267,-0.4991029965474524,-0.17112258225045296
2005-07-01,Canada,-0.33702669202076746,-0.4995138978532945,-0.17453948618824047
2005-10-01,Canada,-0.34053721957191735,-0.5025961804687363,-0.1784782586750984
2006-01-01,Canada,-0.3449089611783558,-0.5090176328237696,-0.18080028953294205
2006-04-01,Canada,-0.35483636085596526,-0.5220745143121214,-0.18759820739980915
2006-07-01,Canada,-0.35938959687233485,-0.5285076147654899,-0.19027157897917985
2006-10-01,Canada,-0.3648739290752619,-0.5340098273129996,-0.19573803083752422
2007-01-01,Canada,-0.3682054851343682,-0.5359488381841842,-0.20046213208455227
2007-04-01,Canada,-0.3717135015558193,-0.5372536299988183,-0.20617337311282027
2007-07-01,Canada,-0.37627465752837536,-0.540561941598128,-0.21198737345862267
2007-10-01,Canada,-0.3775222391090902,-0.5409775901289924,-0.21406688808918808
2008-01-01,Canada,-0.3789184665420542,-0.5400044433972734,-0.21783248968683497
2008-04-01,Canada,-0.3797019035523199,-0.5365597012902728,-0.22284410581436714
2008-07-01,Canada,-0.38049008105731186,-0.5314561299114213,-0.22952403220320244
2008-10-01,Canada,-0.38485832214229404,-0.529503023782217,-0.24021362050237108
2009-01-01,Canada,-0.38922905213633374,-0.5251069383673737,-0.25335116590529383
2009-04-01,Canada,-0.3789963314982462,-0.5126708535279346,-0.24532180946855772
2009-07-01,Canada,-0.3705935768376285,-0.5080873805177839,-0.23309977315747316
2009-10-01,Canada,-0.3626702894379791,-0.5014588549573472,-0.22388172391861097
2010-01-01,Canada,-0.35860681887800855,-0.49852077340166456,-0.2186928643543525
2010-04-01,Canada,-0.35621848098287423,-0.4999230339397081,-0.21251392802604036
2010-07-01,Canada,-0.34972676900173305,-0.4972071570386158,-0.20224638096485031
2010-10-01,Canada,-0.3462771382314105,-0.49619024696029157,-0.19636402950252937
2011-01-01,Canada,-0.3411861375598064,-0.49403845551586856,-0.1883338196037443
2011-04-01,Canada,-0.33650463324272667,-0.493318210709055,-0.17969105577639832
2011-07-01,Canada,-0.3299015422016478,-0.4891982183694495,-0.17060486603384611
2011-10-01,Canada,-0.3221422047320423,-0.4841661253046745,-0.16011828415941007
2012-01-01,Canada,-0.3226017602009773,-0.4902536169048198,-0.15494990349713483
2012-04-01,Canada,-0.32238640382427963,-0.49447018810937027,-0.15030261953918897
2012-07-01,Canada,-0.3206917486355817,-0.4954272931747143,-0.1459562040964491
2012-10-01,Canada,-0.3170519079792179,-0.49274916940358515,-0.14135464655485067
2013-01-01,Canada,-0.312757642381367,-0.48764987773786217,-0.1378654070248718
2013-04-01,Canada,-0.3069424003048538,-0.48053896717258193,-0.13334583343712567
2013-07-01,Canada,-0.3025365643248351,-0.47546742308284495,-0.12960570556682527
2013-10-01,Canada,-0.30193437516203303,-0.47439667811191166,-0.1294720722121544
2014-01-01,Canada,-0.30678986743078107,-0.48039788474277817,-0.13318185011878397
2014-04-01,Canada,-0.3099824278728183,-0.4843739354111799,-0.13559092033445674
2014-07-01,Canada,-0.31495254302006553,-0.48952809086825577,-0.14037699517187532
2014-10-01,Canada,-0.32045087001981587,-0.4974625612769056,-0.14343917876272616
2015-01-01,Canada,-0.3217255964344551,-0.502826731215265,-0.14062446165364517
2015-04-01,Canada,-0.3218911115631406,-0.5053966229142266,-0.13838560021205462
2015-07-01,Canada,-0.3231979604887904,-0.5083052312718875,-0.13809068970569327
2015-10-01,Canada,-0.3252091430804192,-0.5103621528791052,-0.1400561332817332
2016-01-01,Canada,-0.3270771121452235,-0.5110670982584269,-0.14308712603202015
2016-04-01,Canada,-0.33117838172070135,-0.5130546610823153,-0.14930210235908734
2016-07-01,Canada,-0.33304791607925166,-0.5111104898220575,-0.15498534233644584
2016-10-01,Canada,-0.33501448428477004,-0.5077489193761928,-0.16228004919334724
2017-01-01,Canada,-0.33680733607038604,-0.5051019744136792,-0.1685126977270929
2017-04-01,Canada,-0.34358677603189663,-0.5091287795365173,-0.17804477252727605
2017-07-01,Canada,-0.3527673705913548,-0.5193314955928918,-0.18620324558981777
2017-10-01,Canada,-0.3544934073923589,-0.5209996290143464,-0.18798718577037138
2018-01-01,Canada,-0.3560349956786044,-0.5204139281168236,-0.1916560632403852
2018-04-01,Canada,-0.3583522728419176,-0.5212812440680289,-0.19542330161580634
2018-07-01,Canada,-0.36618699782771874,-0.5294324912403926,-0.20294150441504488
2018-10-01,Canada,-0.375636624144427,-0.5386217346426903,-0.21265151364616372
2019-01-01,Canada,-0.3809314234557954,-0.5418614214881297,-0.22000142542346107
2019-04-01,Canada,-0.38717576163536155,-0.5438653293538109,-0.23048619391691214
2019-07-01,Canada,-0.39608775404896374,-0.5478649688549089,-0.24431053924301857
2019-10-01,Canada,-0.4071566663205501,-0.5532905131374352,-0.261022819503665
2020-01-01,Canada,-0.4187931306568877,-0.5567673712412917,-0.28081889007248373
2020-04-01,Canada,-0.42944849636776816,-0.55830293488291,-0.3005940578526263
2020-07-01,Canada,-0.4365957052653723,-0.5537421195146581,-0.3194492910160864
2020-10-01,Canada,-0.4485076313637065,-0.5469933571179434,-0.35002190560946966
2021-01-01,Canada,-0.4453303659518147,-0.5572632058224041,-0.33339752608122525
2021-04-01,Canada,-0.4525801356312492,-0.5765858689296391,-0.32857440233285923
2021-07-01,Canada,-0.45275745570564513,-0.5844424621457587,-0.3210724492655316
2021-10-01,Canada,-0.44778746119263435,-0.5847794365970909,-0.3107954857881779
2022-01-01,Canada,-0.4319699011762331,-0.5783669980542075,-0.2855728042982586
2022-04-01,Canada,-0.4147878118942548,-0.5716816862819163,-0.25789393750659334
2022-07-01,Canada,-0.3917348014305333,-0.559054947750901,-0.22441465511016553
2022-10-01,Canada,-0.36999221167715823,-0.5477839589156884,-0.192200464438628
2023-01-01,Canada,-0.3472169771456555,-0.5339453177096563,-0.16048863658165474
2023-04-01,Canada,-0.32941707881669535,-0.5244682999932576,-0.13436585764013312
2023-07-01,Canada,-0.3118006460902784,-0.5149621230565244,-0.10863916912403235
2023-10-01,Canada,-0.2946835477326394,-0.5045860450426762,-0.08478105042260248
2024-01-01,Canada,-0.27867353014429447,-0.4940302306665585,-0.06331682962203045
2024-04-01,Canada,-0.26475743422544895,-0.4849665054244713,-0.04454836302642662
2024-07-01,Canada,-0.25892567805255895,-0.4851205707489743,-0.03273078535614363
2024-10-01,Canada,-0.2577172740983903,-0.49154850965654684,-0.023886038540233717
2025-01-01,Canada,-0.26159065457686853,-0.5046343170198837,-0.018546992133853385
2025-04-01,Canada,-0.264752608234927,-0.5185711454074934,-0.010934071062360662
2025-07-01,Canada,-0.26780938066809384,-0.5320698494883056,-0.003548911847882086
2025-10-01,Canada,-0.2715680024007482,-0.545879825323565,0.0027438205220686185
2026-01-01,Canada,-0.27199667913284625,-0.5560652442071403,0.012071885941447813
